{
	"resource_pack_name": "Forge Revolution",
	"texture_name": "atlas.terrain",
	"padding": 8,
	"num_mip_levels": 4,
	"texture_data": {
		"topaz_ore": {
			"textures": "textures/blocks/topaz_ore.png"
		},
		"topaz_deep_ore": {
			"textures": "textures/blocks/topaz_deep_ore.png"
		},
		"titanite_ore": {
			"textures": "textures/blocks/titanite_ore.png"
		},
		"titanite_deep_ore": {
			"textures": "textures/blocks/titanite_deep_ore.png"
		},
		"aquamarine_ore": {
			"textures": "textures/blocks/aquamarine_ore.png"
		},
		"aquamarine_deep_ore": {
			"textures": "textures/blocks/aquamarine_deep_ore.png"
		},
		"aquamarine_ore_sand": {
			"textures": "textures/blocks/aquamarine_ore_sand.png"
		},
		"fluorite_ore": {
			"textures": "textures/blocks/fluorite_ore.png"
		},
		"fluorite_deep_ore": {
			"textures": "textures/blocks/fluorite_deep_ore.png"
		},
		"jade_ore": {
			"textures": "textures/blocks/jade_ore.png"
		},
		"jade_deep_ore": {
			"textures": "textures/blocks/jade_deep_ore.png"
		},
		"ruby_ore": {
			"textures": "textures/blocks/ruby_ore.png"
		},
		"ruby_deep_ore": {
			"textures": "textures/blocks/ruby_deep_ore.png"
		},
		"ruby_ore_sand": {
			"textures": "textures/blocks/ruby_ore_sand.png"
		},
		"rhodochrosite_ore": {
			"textures": "textures/blocks/rhodochrosite_ore.png"
		},
		"rhodochrosite_deep_ore": {
			"textures": "textures/blocks/rhodochrosite_deep_ore.png"
		},
		"sapphire_ore": {
			"textures": "textures/blocks/sapphire_ore.png"
		},
		"sapphire_deep_ore": {
			"textures": "textures/blocks/sapphire_deep_ore.png"
		},
		"selenite_ore": {
			"textures": "textures/blocks/selenite_ore.png"
		},
		"selenite_deep_ore": {
			"textures": "textures/blocks/selenite_deep_ore.png"
		},
		"garnet_ore": {
			"textures": "textures/blocks/garnet_ore.png"
		},
		"garnet_deep_ore": {
			"textures": "textures/blocks/garnet_deep_ore.png"
		},
		"topaz_block": {
			"textures": "textures/blocks/topaz_block.png"
		},
		"titanite_block": {
			"textures": "textures/blocks/titanite_block.png"
		},
		"aquamarine_block": {
			"textures": "textures/blocks/aquamarine_block.png"
		},
		"fluorite_block": {
			"textures": "textures/blocks/fluorite_block.png"
		},
		"jade_block": {
			"textures": "textures/blocks/jade_block.png"
		},
		"ruby_block": {
			"textures": "textures/blocks/ruby_block.png"
		},
		"rhodochrosite_block": {
			"textures": "textures/blocks/rhodochrosite_block.png"
		},
		"sapphire_block": {
			"textures": "textures/blocks/sapphire_block.png"
		},
		"selenite_block": {
			"textures": "textures/blocks/selenite_block.png"
		},
		"compacted_amethyst": {
			"textures": "textures/blocks/compacted_amethyst.png"
		},
		"garnet_block": {
			"textures": "textures/blocks/garnet_block.png"
		},
		"forge_coal_block": {
			"textures": "textures/blocks/forge_coal_block.png"
		},
		"forge_coal_ore": {
			"textures": "textures/blocks/forge_coal_ore.png"
		}
		
	}
}