{
    "format_version": "1.21.50",
    "minecraft:item": {
        "description": {
            "identifier": "forge:amethyst_ring",
            "menu_category": {
                "category": "equipment"
            }
        },
        "components": {
            "minecraft:max_stack_size": 1,
            "minecraft:hand_equipped": true,
            "minecraft:icon": "amethyst_ring",
            "minecraft:display_name": {
                "value": "tile.forge:amethyst_ring.name"
            },
            "minecraft:allow_off_hand": {
                "value": true
            },
            "minecraft:use_modifiers": {
                "movement_modifier": 0.5,
                "use_duration": 1.0
            },
            "minecraft:cooldown": {
                "category": "amethyst_ring",
                "duration": 30
            },
            "minecraft:custom_components": [
                "forge:amethyst_ring"
            ]
        }
    }
}