{
    "format_version": "1.21.50",
    "minecraft:item": {
        "description": {
            "identifier": "forge:aquamarine_battleaxe",
            "menu_category": {
				"category": "equipment",
				"group": "itemGroup.name.sword"
			}
        },
        "components": {
			"minecraft:max_stack_size": 1,
			"minecraft:icon": "aquamarine_battleaxe",
			"minecraft:display_name": {
                "value": "tile.forge:aquamarine_battleaxe.name"
            },
            "minecraft:damage": 12,
			"minecraft:can_destroy_in_creative": false,
			"minecraft:hand_equipped": true,
			"minecraft:enchantable": {
				"slot": "sword",
				"value": 25
			},
			"minecraft:durability": {
				"max_durability": 1000
			},
			"minecraft:repairable": {
				"repair_items": [
					{
						"items": ["forge:aquamarine"],
						"repair_amount": 62
					}
				]
			}
		}
    }
}