{
    "format_version": "1.21.50",
    "minecraft:item": {
        "description": {
            "identifier": "forge:aquamarine_helmet",
            "menu_category": {
				"category": "equipment",
				"group": "itemGroup.name.helmet"
			}
        },
        "components": {
			"minecraft:max_stack_size": 1,
			"minecraft:icon": "aquamarine_helmet",
			"minecraft:display_name": {
                "value": "tile.forge:aquamarine_helmet.name"
            },
            "minecraft:wearable": {
				"slot": "slot.armor.head",
				"protection": 4
			},
			"minecraft:enchantable": {
				"slot": "armor_head",
				"value": 25
			},
			"minecraft:durability": {
				"max_durability": 528
			},
			"minecraft:repairable": {
				"repair_items": [
					{
						"items": ["forge:aquamarine"],
						"repair_amount": 130
					}
				]
			}
		}
    }
}