{
    "format_version": "1.21.50",
    "minecraft:item": {
        "description": {
            "identifier": "forge:ruby_dagger",
            "menu_category": {
				"category": "equipment",
				"group": "itemGroup.name.sword"
			}
        },
        "components": {
			"minecraft:max_stack_size": 1,
			"minecraft:icon": "ruby_dagger",
			"minecraft:display_name": {
                "value": "tile.forge:ruby_dagger.name"
            },
            "minecraft:damage": 6,
			"minecraft:can_destroy_in_creative": false,
			"minecraft:hand_equipped": true,
			"minecraft:enchantable": {
				"slot": "sword",
				"value": 25
			},
			"minecraft:durability": {
				"max_durability": 800
			},
			"minecraft:repairable": {
				"repair_items": [
					{
						"items": ["forge:ruby"],
						"repair_amount": 62
					}
				]
			}
		}
    }
}