{
    "format_version": "1.21.40",
    "minecraft:item": {
        "description": {
            "identifier": "forge:sapphire",
            "menu_category": {
                "category": "items"
            }
        },
        "components": {
            "minecraft:icon": "sapphire",
            "minecraft:display_name": {
                "value": "tile.forge:sapphire.name"
            },
            "minecraft:max_stack_size": {
                "value": 64
            }
        }
    }
}