{
	"format_version": "1.21.50",
	"minecraft:item": {
		"description": {
			"identifier": "forge:titanite_helmet",
			"menu_category": {
				"category": "equipment",
				"group": "itemGroup.name.helmet"
			}
		},
		"components": {
			"minecraft:max_stack_size": 1,
			"minecraft:icon": "titanite_helmet",
            "minecraft:display_name": {
                "value": "tile.forge:titanite_helmet.name"
            },
			"minecraft:wearable": {
				"slot": "slot.armor.head",
				"protection": 4
			},
			"minecraft:enchantable": {
				"slot": "armor_head",
				"value": 25
			},
			"minecraft:durability": {
				"max_durability": 528
			},
			"minecraft:repairable": {
				"repair_items": [
					{
						"items": ["forge:titanite"],
						"repair_amount": 130
					}
				]
			}
		}
	}
}