{
	"format_version": "1.21.50",
	"minecraft:feature_rules": {
		"description": {
			"identifier": "forge:overworld_underground_garnet_ore_feature_1",
			"places_feature": "forge:garnet_ore_feature"
		},
		"conditions": {
			"placement_pass": "underground_pass",
			"minecraft:biome_filter": [
				{
					"any_of": [
						{
							"test": "has_biome_tag",
							"operator": "==",
							"value": "mesa"
						},
						{
							"test": "has_biome_tag",
							"operator": "==",
							"value": "mesa_bryce"
						},
						{
							"test": "has_biome_tag",
							"operator": "==",
							"value": "mesa_plateau"
						},
						{
							"test": "has_biome_tag",
							"operator": "==",
							"value": "mesa_plateau_stone"
						},
                        {
							"test": "has_biome_tag",
							"operator": "==",
							"value": "mesa_plateau_mutated"
						},
                        {
							"test": "has_biome_tag",
							"operator": "==",
							"value": "mesa_plateau_stone_mutated"
						}
					]
				}
			]
		},
		"distribution": {
			"iterations": 4,
			"coordinate_eval_order": "zyx",
			"x": {
				"distribution": "uniform",
				"extent": [0, 16]
			},
			"y": {
				"distribution": "uniform",
				"extent": [
					30,
					150
				]
			},
			"z": {
				"distribution": "uniform",
				"extent": [0, 16]
			}
		}
	}
}