{
	"format_version": "1.21.50",
	"minecraft:feature_rules": {
		"description": {
			"identifier": "forge:overworld_underground_titanite_ore_feature_1",
			"places_feature": "forge:titanite_ore_feature"
		},
		"conditions": {
			"placement_pass": "underground_pass",
			"minecraft:biome_filter": [
				{
					"any_of": [
						{
							"test": "has_biome_tag",
							"operator": "==",
							"value": "extreme_hills"
						},
						{
							"test": "has_biome_tag",
							"operator": "==",
							"value": "extreme_hills_edge"
						},
						{
							"test": "has_biome_tag",
							"operator": "==",
							"value": "extreme_hills_mutated"
						},
						{
							"test": "has_biome_tag",
							"operator": "==",
							"value": "extreme_hills_plus_trees"
						},
						{
							"test": "has_biome_tag",
							"operator": "==",
							"value": "extreme_hills_plus_trees_mutated"
						},
						{
							"test": "has_biome_tag",
							"operator": "==",
							"value": "stone_beach"
						},
						{
							"test": "has_biome_tag",
							"operator": "==",
							"value": "stony_peaks"
						}
					]
				}
			]
		},
		"distribution": {
			"iterations": 5,
			"coordinate_eval_order": "zyx",
			"x": {
				"distribution": "uniform",
				"extent": [0, 16]
			},
			"y": {
				"distribution": "uniform",
				"extent": [
					30,
					150
				]
			},
			"z": {
				"distribution": "uniform",
				"extent": [0, 16]
			}
		}
	}
}