{
    "format_version": "1.21.50",
    "minecraft:item": {
        "description": {
            "identifier": "forge:fluorite",
            "menu_category": {
                "category": "items"
            }
        },
        "components": {
            "minecraft:icon": {
                "textures": {
                    "default": "fluorite"
                }
            },
            "minecraft:display_name": {
                "value": "tile.forge:fluorite.name"
            },
            "minecraft:max_stack_size": {
                "value": 64
            }
        }
    }
}