{
    "format_version": "1.21.50",
    "minecraft:item": {
        "description": {
            "identifier": "forge:garnet_ring",
            "menu_category": {
                "category": "equipment"
            }
        },
        "components": {
            "minecraft:max_stack_size": 1,
            "minecraft:hand_equipped": true,
            "minecraft:icon": "garnet_ring",
            "minecraft:display_name": {
                "value": "tile.forge:garnet_ring.name"
            },
            "minecraft:allow_off_hand": {
                "value": true
            }
        }
    }
}