{
	"format_version": "1.21.50",
	"minecraft:item": {
		"description": {
			"identifier": "forge:rhodochrosite_boots",
			"menu_category": {
				"category": "equipment",
				"group": "itemGroup.name.boots"
			}
		},
		"components": {
			"minecraft:max_stack_size": 1,
			"minecraft:icon": "rhodochrosite_boots",
			"minecraft:display_name": {
                "value": "tile.forge:rhodochrosite_boots.name"
            },
			"minecraft:wearable": {
				"slot": "slot.armor.feet",
				"protection": 4
			},
			"minecraft:enchantable": {
				"slot": "armor_feet",
				"value": 25
			},
			"minecraft:durability": {
				"max_durability": 495
			},
			"minecraft:repairable": {
				"repair_items": [
					{
						"items": ["forge:rhodochrosite"],
						"repair_amount": 124
					}
				]
			}
		}
	}
}