{
	"format_version": "1.21.50",
	"minecraft:item": {
		"description": {
			"identifier": "forge:ruby_chestplate",
			"menu_category": {
				"category": "equipment",
				"group": "itemGroup.name.chestplate"
			}
		},
		"components": {
			"minecraft:max_stack_size": 1,
			"minecraft:icon": "ruby_chestplate",
			"minecraft:display_name": {
                "value": "tile.forge:ruby_chestplate.name"
            },
			"minecraft:wearable": {
				"slot": "slot.armor.chest",
				"protection": 8
			},
			"minecraft:enchantable": {
				"slot": "armor_torso",
				"value": 25
			},
			"minecraft:durability": {
				"max_durability": 528
			},
			"minecraft:repairable": {
				"repair_items": [
					{
						"items": ["forge:ruby"],
						"repair_amount": 130
					}
				]
			}
		}
	}
}