{
    "format_version": "1.21.50",
    "minecraft:item": {
        "description": {
            "identifier": "forge:titanite",
            "menu_category": {
                "category": "items"
            }
        },
        "components": {
            "minecraft:icon": "titanite",
            "minecraft:display_name": {
                "value": "tile.forge:titanite.name"
            },
            "minecraft:max_stack_size": {
                "value": 64
            }
        }
    }
}