{
	"format_version": "1.21.50",
	"minecraft:geometry": [
		{
			"description": {
				"identifier": "geometry.jade_helmet",
				"texture_width": 32,
				"texture_height": 32,
				"visible_bounds_width": 2,
				"visible_bounds_height": 2.5,
				"visible_bounds_offset": [0, 0.75, 0]
			},
			"bones": [
				{
					"name": "root_item",
					"pivot": [0, 0, 0]
				},
				{
					"name": "helmet",
					"parent": "root_item",
					"pivot": [0, 0, 0],
					"binding": "'head'",
					"cubes": [
						{"origin": [-6, 10, 2], "size": [1, 1, 3], "uv": [-1, -1]},
						{"origin": [-6, 9, 1], "size": [1, 1, 3], "uv": [-1, -1]},
						{"origin": [-6, 8, 0], "size": [1, 1, 3], "uv": [-1, -1]},
						{"origin": [-6, 6, -1], "size": [1, 2, 3], "uv": [-1, -1]},
						{"origin": [-4, 0, -4], "size": [8, 8, 8], "inflate": 1, "uv": [0, 0]},
						{"origin": [5, 9, 1], "size": [1, 1, 3], "uv": [-1, -1]},
						{"origin": [5, 6, -1], "size": [1, 2, 3], "uv": [-1, -1]},
						{"origin": [5, 8, 0], "size": [1, 1, 3], "uv": [-1, -1]},
						{"origin": [5, 10, 2], "size": [1, 1, 3], "uv": [-1, -1]}
					]
				}
			]
		}
	]
}