{
	"format_version": "1.21.50",
	"minecraft:geometry": [
		{
			"description": {
				"identifier": "geometry.rhodochrosite_boots",
				"texture_width": 32,
				"texture_height": 32,
				"visible_bounds_width": 3,
				"visible_bounds_height": 2.5,
				"visible_bounds_offset": [0, 0.75, 0]
			},
			"bones": [
				{
					"name": "leg_right",
					"pivot": [-1.9, 12, 0]
				},
				{
					"name": "boot_right",
					"parent": "leg_right",
					"pivot": [-1.9, 12, 0],
					"binding": "'rightleg'",
					"cubes": [
						{"origin": [-4.9, -1, -3], "size": [6, 2, 6], "uv": [0, 24]},
						{"origin": [-3.9, -2, 1], "size": [4, 1, 1], "uv": [6, 12]},
						{"origin": [-3.9, -2, -1], "size": [4, 1, 1], "uv": [6, 12]}
					]
				},
				{
					"name": "leg_left",
					"pivot": [1.9, 12, 0],
					"rotation": [-0.1, 0, 0]
				},
				{
					"name": "boot_left",
					"parent": "leg_left",
					"pivot": [1.9, 12, 0],
					"binding": "'leftleg'",
					"cubes": [
						{"origin": [-1.1, -1, -3], "size": [6, 2, 6], "uv": [0, 15]},
						{"origin": [-0.1, -2, 1], "size": [4, 1, 1], "uv": [8, 12]},
						{"origin": [-0.1, -2, -1], "size": [4, 1, 1], "uv": [8, 12]}
					]
				}
			]
		}
	]
}