{
	"format_version": "1.21.50",
	"minecraft:geometry": [
		{
			"description": {
				"identifier": "geometry.rhodochrosite_helmet",
				"texture_width": 32,
				"texture_height": 32,
				"visible_bounds_width": 3,
				"visible_bounds_height": 2.5,
				"visible_bounds_offset": [0, 0.75, 0]
			},
			"bones": [
				{
					"name": "root_item",
					"pivot": [0, 0, 0]
				},
				{
					"name": "helmet",
					"parent": "root_item",
					"pivot": [0, 0, 0],
					"binding": "'head'",
					"cubes": [
						{"origin": [-9, 5, 0], "size": [9, 3, 1], "pivot": [-5, 12, 0], "rotation": [0, 90, 0], "uv": [8, 0]},
						{"origin": [-4, 6, -6], "size": [8, 2, 1], "uv": [1, 22]},
						{"origin": [2, -1, 0], "size": [9, 8, 1], "pivot": [6, 9, 0], "rotation": [0, 90, 90], "uv": [8, 13]},
						{"origin": [-1, 2, 0], "size": [11, 3, 1], "pivot": [4, 5, 0], "rotation": [0, 90, -12.5], "uv": [0, 26]},
						{"origin": [0, 5, -5], "size": [8, 1, 1], "pivot": [2, 6, -5], "rotation": [-147.5, 0, 180], "uv": [0, 6]},
						{"origin": [-1, -1, 0], "size": [11, 3, 1], "pivot": [4, 2, 0], "rotation": [0, 90, -12.5], "uv": [0, 26]},
						{"origin": [-5, 2, 4], "size": [10, 3, 1], "pivot": [0, 7, 4], "rotation": [12.5, 0, 0], "uv": [2, 9]},
						{"origin": [-5, -1, 4], "size": [10, 3, 1], "pivot": [0, 4, 4], "rotation": [12.5, 0, 0], "uv": [2, 9]},
						{"origin": [-10, 2, 0], "size": [11, 3, 1], "pivot": [-4, 5, 0], "rotation": [0, -90, 12.5], "uv": [0, 26]},
						{"origin": [-10, -1, 0], "size": [11, 3, 1], "pivot": [-4, 2, 0], "rotation": [0, -90, 12.5], "uv": [0, 26]},
						{"origin": [-5, 5, 4], "size": [10, 3, 1], "uv": [0, 22]},
						{"origin": [0, 5, 0], "size": [9, 3, 1], "pivot": [4, 12, 0], "rotation": [0, 90, 0], "uv": [8, 0]}
					]
				},
				{
					"name": "frontSimbol",
					"parent": "helmet",
					"pivot": [3, 15, -11]
				},
				{
					"name": "frontSimbol2",
					"parent": "frontSimbol",
					"pivot": [1, 9, 1],
					"cubes": [
						{"origin": [-4, 4, -3], "size": [1, 2, 1], "pivot": [1, 10, -3], "rotation": [0, 180, 0], "uv": [1, 15]},
						{"origin": [-4, 3, -1], "size": [1, 2, 2], "pivot": [1, 9, -1], "rotation": [0, 180, 0], "uv": [0, 14]},
						{"origin": [-4, 5, -1], "size": [1, 2, 2], "pivot": [1, 11, -1], "rotation": [0, 180, 0], "uv": [0, 14]},
						{"origin": [-4, 5, 1], "size": [1, 2, 2], "pivot": [1, 11, 1], "rotation": [0, 180, 0], "uv": [0, 14]},
						{"origin": [-4, 5, 3], "size": [1, 2, 2], "pivot": [1, 11, 3], "rotation": [0, 180, 0], "uv": [0, 14]},
						{"origin": [-4, 4, 4], "size": [1, 2, 1], "pivot": [1, 10, 4], "rotation": [0, 180, 0], "uv": [1, 15]},
						{"origin": [-4, 3, 3], "size": [1, 2, 2], "pivot": [1, 9, 3], "rotation": [0, 180, 0], "uv": [0, 14]},
						{"origin": [-4, 3, 1], "size": [1, 2, 2], "pivot": [1, 9, 1], "rotation": [0, 180, 0], "uv": [0, 14]}
					]
				},
				{
					"name": "frontSimbol3",
					"parent": "frontSimbol",
					"pivot": [-10, 9, -1],
					"cubes": [
						{"origin": [-15, 5, 3], "size": [1, 2, 2], "pivot": [-10, 11, 3], "rotation": [0, 180, 0], "uv": [0, 14]},
						{"origin": [-15, 4, 4], "size": [1, 2, 1], "pivot": [-10, 10, 4], "rotation": [0, 180, 0], "uv": [1, 15]},
						{"origin": [-15, 3, 3], "size": [1, 2, 2], "pivot": [-10, 9, 3], "rotation": [0, 180, 0], "uv": [0, 14]},
						{"origin": [-15, 3, 1], "size": [1, 2, 2], "pivot": [-10, 9, 1], "rotation": [0, 180, 0], "uv": [0, 14]},
						{"origin": [-15, 5, 1], "size": [1, 2, 2], "pivot": [-10, 11, 1], "rotation": [0, 180, 0], "uv": [0, 14]},
						{"origin": [-15, 5, -1], "size": [1, 2, 2], "pivot": [-10, 11, -1], "rotation": [0, 180, 0], "uv": [0, 14]},
						{"origin": [-15, 4, -3], "size": [1, 2, 1], "pivot": [-10, 10, -3], "rotation": [0, 180, 0], "uv": [1, 15]},
						{"origin": [-15, 3, -1], "size": [1, 2, 2], "pivot": [-10, 9, -1], "rotation": [0, 180, 0], "uv": [0, 14]}
					]
				},
				{
					"name": "frontSimbol4",
					"parent": "frontSimbol",
					"pivot": [3, 15, -11],
					"cubes": [
						{"origin": [-11, 9, -10], "size": [1, 1, 1], "pivot": [-6, 15, -11], "rotation": [0, 90, 0], "uv": [1, 15]},
						{"origin": [-11, 8, -10], "size": [1, 1, 1], "pivot": [-6, 14, -11], "rotation": [0, 90, 0], "uv": [1, 15]},
						{"origin": [-10, 8, -10], "size": [1, 1, 1], "pivot": [-5, 14, -11], "rotation": [0, 90, 0], "uv": [1, 15]},
						{"origin": [-10, 7, -10], "size": [1, 1, 1], "pivot": [-5, 13, -11], "rotation": [0, 90, 0], "uv": [1, 15]},
						{"origin": [-9, 7, -10], "size": [1, 1, 1], "pivot": [-4, 13, -11], "rotation": [0, 90, 0], "uv": [1, 15]},
						{"origin": [-8, 6, -11], "size": [1, 1, 2], "pivot": [-3, 12, -11], "rotation": [0, 90, 0], "uv": [0, 14]},
						{"origin": [-6, 6, -11], "size": [1, 2, 2], "pivot": [-1, 12, -11], "rotation": [0, 90, 0], "uv": [0, 14]},
						{"origin": [-6, -2, -10], "size": [1, 2, 2], "pivot": [-1, 4, -10], "rotation": [0, 90, 135], "uv": [0, 14]},
						{"origin": [3, 5, -10], "size": [1, 2, 2], "pivot": [8, 11, -10], "rotation": [0, 90, 45], "uv": [0, 14]},
						{"origin": [-3, 6, -12], "size": [1, 1, 2], "pivot": [2, 12, -11], "rotation": [0, 90, 0], "uv": [0, 14]},
						{"origin": [-4, 7, -10], "size": [1, 1, 1], "pivot": [1, 13, -11], "rotation": [0, 90, 0], "uv": [1, 15]},
						{"origin": [-3, 7, -10], "size": [1, 1, 1], "pivot": [2, 13, -11], "rotation": [0, 90, 0], "uv": [1, 15]},
						{"origin": [-3, 8, -10], "size": [1, 1, 1], "pivot": [2, 14, -11], "rotation": [0, 90, 0], "uv": [1, 15]},
						{"origin": [-2, 8, -10], "size": [1, 1, 1], "pivot": [3, 14, -11], "rotation": [0, 90, 0], "uv": [1, 15]},
						{"origin": [-2, 9, -10], "size": [1, 1, 1], "pivot": [3, 15, -11], "rotation": [0, 90, 0], "uv": [1, 15]}
					]
				}
			]
		}
	]
}