{
    "resource_pack_name": "Forge Revolution",
    "texture_name": "atlas.items",
    "texture_data": {
        "forge_coal": {
            "textures": "textures/items/forge_coal.png"
        },
        "topaz": {
            "textures": "textures/items/topaz.png"
        },
        "ruby": {
            "textures": "textures/items/ruby.png"
        },
        "jade": {
            "textures": "textures/items/jade.png"
        },
        "titanite": {
            "textures": "textures/items/titanite.png"
        },
        "fluorite": {
            "textures": "textures/items/fluorite.png"
        },
        "garnet": {
            "textures": "textures/items/garnet.png"
        },
        "aquamarine": {
            "textures": "textures/items/aquamarine.png"
        },
        "rhodochrosite": {
            "textures": "textures/items/rhodochrosite.png"
        },
        "sapphire": {
            "textures": "textures/items/sapphire.png"
        },
        "selenite": {
            "textures": "textures/items/selenite.png"
        },
        "stone_rod": {
            "textures": "textures/items/stone_rod.png"
        },
        "kunai_mold": {
            "textures": "textures/items/kunai_mold.png"
        },
        "katana_mold": {
            "textures": "textures/items/katana_mold.png"
        },
        "battleaxe_mold": {
            "textures": "textures/items/battleaxe_mold.png"
        },
        "dagger_mold": {
            "textures": "textures/items/dagger_mold.png"
        },
        "longsword_mold": {
            "textures": "textures/items/longsword_mold.png"
        },
        "hammer_mold": {
            "textures": "textures/items/hammer_mold.png"
        },
        "helmet_mold": {
            "textures": "textures/items/helmet_mold.png"
        },
        "chestplate_mold": {
            "textures": "textures/items/chestplate_mold.png"
        },
        "leggings_mold": {
            "textures": "textures/items/leggings_mold.png"
        },
        "boots_mold": {
            "textures": "textures/items/boots_mold.png"
        },
        "ring_mold": {
            "textures": "textures/items/ring_mold.png"
        },
        "topaz_ring": {
            "textures": "textures/items/topaz_ring.png"
        },
        "aquamarine_ring": {
            "textures": "textures/items/aquamarine_ring.png"
        },
        "amethyst_ring": {
            "textures": "textures/items/amethyst_ring.png"
        },
        "emerald_ring": {
            "textures": "textures/items/emerald_ring.png"
        },
        "fluorite_ring": {
            "textures": "textures/items/fluorite_ring.png"
        },
        "garnet_ring": {
            "textures": "textures/items/garnet_ring.png"
        },
        "selenite_ring": {
            "textures": "textures/items/selenite_ring.png"
        },
        "jade_ring": {
            "textures": "textures/items/jade_ring.png"
        },
        "rhodochrosite_ring": {
            "textures": "textures/items/rhodochrosite_ring.png"
        },
        "ruby_ring": {
            "textures": "textures/items/ruby_ring.png"
        },
        "sapphire_ring": {
            "textures": "textures/items/sapphire_ring.png"
        },
        "titanite_ring": {
            "textures": "textures/items/titanite_ring.png"
        },
        "fluorite_longsword": {
			"textures": "textures/items/fluorite_longsword.png"
		},
        "amethyst_kunai": {
			"textures": "textures/items/amethyst_kunai.png"
		},
        "aquamarine_battleaxe": {
			"textures": "textures/items/aquamarine_battleaxe.png"
		},
        "emerald_battleaxe": {
			"textures": "textures/items/emerald_battleaxe.png"
		},
        "garnet_hammer": {
			"textures": "textures/items/garnet_hammer.png"
		},
        "jade_katana": {
			"textures": "textures/items/jade_katana.png"
		},
        "rhodochrosite_kunai": {
			"textures": "textures/items/rhodochrosite_kunai.png"
		},
        "ruby_dagger": {
			"textures": "textures/items/ruby_dagger.png"
		},
        "sapphire_dagger": {
			"textures": "textures/items/sapphire_dagger.png"
		},
        "selenite_hammer": {
			"textures": "textures/items/selenite_hammer.png"
		},
        "titanite_longsword": {
			"textures": "textures/items/titanite_longsword.png"
		},
        "topaz_katana": {
			"textures": "textures/items/topaz_katana.png"
		},
        "sapphire_helmet": {
			"textures": "textures/items/sapphire_helmet.png"
		},
        "sapphire_chestplate": {
            "textures": "textures/items/sapphire_chestplate.png"
        },
        "sapphire_leggings": {
            "textures": "textures/items/sapphire_leggings.png"
        },
        "sapphire_boots": {
            "textures": "textures/items/sapphire_boots.png"
        },
        "ruby_helmet": {
            "textures": "textures/items/ruby_helmet.png"
        },
        "ruby_chestplate": {
            "textures": "textures/items/ruby_chestplate.png"
        },
        "ruby_leggings": {
            "textures": "textures/items/ruby_leggings.png"
        },
        "ruby_boots": {
            "textures": "textures/items/ruby_boots.png"
        },
        "jade_helmet": {
            "textures": "textures/items/jade_helmet.png"
        },
        "jade_chestplate": {
            "textures": "textures/items/jade_chestplate.png"
        },
        "jade_leggings": {
            "textures": "textures/items/jade_leggings.png"
        },
        "jade_boots": {
            "textures": "textures/items/jade_boots.png"
        },
        "aquamarine_helmet": {
            "textures": "textures/items/aquamarine_helmet.png"
        },
        "aquamarine_chestplate": {
            "textures": "textures/items/aquamarine_chestplate.png"
        },
        "aquamarine_leggings": {
            "textures": "textures/items/aquamarine_leggings.png"
        },
        "aquamarine_boots": {
            "textures": "textures/items/aquamarine_boots.png"
        },
        "rhodochrosite_helmet": {
            "textures": "textures/items/rhodochrosite_helmet.png"
        },
        "rhodochrosite_chestplate": {
            "textures": "textures/items/rhodochrosite_chestplate.png"
        },
        "rhodochrosite_leggings": {
            "textures": "textures/items/rhodochrosite_leggings.png"
        },
        "rhodochrosite_boots": {
            "textures": "textures/items/rhodochrosite_boots.png"
        },
        "titanite_helmet": {
            "textures": "textures/items/titanite_helmet.png"
        },
        "titanite_chestplate": {
            "textures": "textures/items/titanite_chestplate.png"
        },
        "titanite_leggings": {
            "textures": "textures/items/titanite_leggings.png"
        },
        "titanite_boots": {
            "textures": "textures/items/titanite_boots.png"
        },
        "garnet_helmet": {
            "textures": "textures/items/garnet_helmet.png"
        },
        "garnet_chestplate": {
            "textures": "textures/items/garnet_chestplate.png"
        },
        "garnet_leggings": {
            "textures": "textures/items/garnet_leggings.png"
        },
        "garnet_boots": {
            "textures": "textures/items/garnet_boots.png"
        },
        "topaz_helmet": {
            "textures": "textures/items/topaz_helmet.png"
        },
        "topaz_chestplate": {
            "textures": "textures/items/topaz_chestplate.png"
        },
        "topaz_leggings": {
            "textures": "textures/items/topaz_leggings.png"
        },
        "topaz_boots": {
            "textures": "textures/items/topaz_boots.png"
        },
        "selenite_helmet": {
            "textures": "textures/items/selenite_helmet.png"
        },
        "selenite_chestplate": {
            "textures": "textures/items/selenite_chestplate.png"
        },
        "selenite_leggings": {
            "textures": "textures/items/selenite_leggings.png"
        },
        "selenite_boots": {
            "textures": "textures/items/selenite_boots.png"
        },
        "fluorite_helmet": {
            "textures": "textures/items/fluorite_helmet.png"
        },
        "fluorite_chestplate": {
            "textures": "textures/items/fluorite_chestplate.png"
        },
        "fluorite_leggings": {
            "textures": "textures/items/fluorite_leggings.png"
        },
        "fluorite_boots": {
            "textures": "textures/items/fluorite_boots.png"
        },
        "emerald_helmet": {
            "textures": "textures/items/emerald_helmet.png"
        },
        "emerald_chestplate": {
            "textures": "textures/items/emerald_chestplate.png"
        },
        "emerald_leggings": {
            "textures": "textures/items/emerald_leggings.png"
        },
        "emerald_boots": {
            "textures": "textures/items/emerald_boots.png"
        },
        "amethyst_helmet": {
            "textures": "textures/items/amethyst_helmet.png"
        },
        "amethyst_chestplate": {
            "textures": "textures/items/amethyst_chestplate.png"
        },
        "amethyst_leggings": {
            "textures": "textures/items/amethyst_leggings.png"
        },
        "amethyst_boots": {
            "textures": "textures/items/amethyst_boots.png"
        }
    }
}