{
	"format_version": "1.21.50",
	"minecraft:attachable": {
		"description": {
			"identifier": "forge:aquamarine_boots",
			"render_controllers": ["controller.render.armor"],
			"materials": {
				"default": "entity_alphatest",
				"enchanted": "entity_alphatest_glint"
			},
			"textures": {
				"default": "textures/entity/attachable/aquamarine_boots",
				"enchanted": "textures/misc/enchanted_item_glint"
			},
			"geometry": {
				"default": "geometry.aquamarine_boots"
			}
		}
	}
}