{
	"format_version": "1.21.50",
	"minecraft:geometry": [
		{
			"description": {
				"identifier": "geometry.rhodochrosite_leggings",
				"texture_width": 32,
				"texture_height": 32,
				"visible_bounds_width": 3,
				"visible_bounds_height": 3.5,
				"visible_bounds_offset": [0, 1.25, 0]
			},
			"bones": [
				{
					"name": "body",
					"pivot": [0, 24, 0]
				},
				{
					"name": "belt",
					"parent": "body",
					"pivot": [0, 12, 0],
					"binding": "'belt'",
					"cubes": [
						{"origin": [-4, 12, -2], "size": [8, 12, 4], "inflate": 0.51, "uv": [0, 0]},
						{"origin": [-5, 12, 0], "size": [1, 2, 2], "uv": [24, 27]},
						{"origin": [-5, 14, 0], "size": [1, 2, 2], "uv": [24, 27]},
						{"origin": [5, 12, -2], "size": [1, 2, 2], "pivot": [5, 12, -1], "rotation": [0, 180, 0], "uv": [21, 26]},
						{"origin": [5, 14, -2], "size": [1, 2, 2], "pivot": [5, 14, -1], "rotation": [0, 180, 0], "uv": [21, 26]},
						{"origin": [5, 12, 0], "size": [1, 2, 2], "pivot": [5, 12, 1], "rotation": [0, 180, 0], "uv": [24, 27]},
						{"origin": [5, 14, 0], "size": [1, 2, 2], "pivot": [5, 14, 1], "rotation": [0, 180, 0], "uv": [24, 27]},
						{"origin": [-5, 12, -2], "size": [1, 2, 2], "uv": [21, 26]},
						{"origin": [-5, 14, -2], "size": [1, 2, 2], "uv": [21, 26]}
					]
				},
				{
					"name": "leg_right",
					"pivot": [-1.9, 12, 0]
				},
				{
					"name": "leggings_right",
					"parent": "leg_right",
					"pivot": [-1.9, 12, 0],
					"binding": "'rightleg'",
					"cubes": [
						{"origin": [-5, 9, 0], "size": [1, 3, 2], "uv": [23, 26]},
						{"origin": [-5, 9, -2], "size": [1, 3, 2], "uv": [21, 26]},
						{"origin": [-5, 8, -1], "size": [1, 1, 2], "uv": [22, 28]},
						{"origin": [-3.9, 0, -2], "size": [4, 12, 4], "inflate": 0.5, "uv": [0, 16]}
					]
				},
				{
					"name": "leg_left",
					"pivot": [1.9, 12, 0]
				},
				{
					"name": "leggings_left",
					"parent": "leg_left",
					"pivot": [1.9, 12, 0],
					"binding": "'leftleg'",
					"cubes": [
						{"origin": [5, 9, -2], "size": [1, 3, 2], "pivot": [5, 10, -1], "rotation": [0, 180, 0], "uv": [21, 26]},
						{"origin": [5, 9, 0], "size": [1, 3, 2], "pivot": [5, 10, 1], "rotation": [0, 180, 0], "uv": [23, 26]},
						{"origin": [5, 8, -1], "size": [1, 1, 2], "pivot": [5, 7, 0], "rotation": [0, 180, 0], "uv": [22, 28]},
						{"origin": [-0.1, 0, -2], "size": [4, 12, 4], "inflate": 0.5, "uv": [0, 16], "mirror": true}
					]
				}
			]
		}
	]
}