{
	"format_version": "1.19.0",
	"minecraft:geometry": [
		{
			"description": {
				"identifier": "geometry.rhodochrosite_chestplate",
				"texture_width": 32,
				"texture_height": 32,
				"visible_bounds_width": 3,
				"visible_bounds_height": 2.5,
				"visible_bounds_offset": [0, 0.75, 0]
			},
			"bones": [
				{
					"name": "body",
					"pivot": [0, 14, 0]
				},
				{
					"name": "chestplate",
					"parent": "body",
					"pivot": [0, 0, 0],
					"binding": "'body'",
					"cubes": [
						{"origin": [-4, 2, -2], "size": [8, 12, 4], "inflate": 1.01, "uv": [0, 0]}
					]
				},
				{
					"name": "bone",
					"parent": "chestplate",
					"pivot": [5, 9, 3],
					"cubes": [
						{"origin": [-2, -1, -4], "size": [2, 3, 1], "uv": [23, 24]},
						{"origin": [-5, 4, -4], "size": [2, 2, 1], "uv": [23, 24]},
						{"origin": [4, 2, 4], "size": [1, 1, 1], "pivot": [4, 1, 3], "rotation": [0, -90, 0], "uv": [28, 30]},
						{"origin": [-1, 2, 4], "size": [1, 1, 1], "pivot": [-1, 1, 3], "rotation": [0, -90, 0], "uv": [28, 30]},
						{"origin": [0, 3, 4], "size": [1, 1, 1], "pivot": [0, 2, 3], "rotation": [0, -90, 0], "uv": [28, 30]},
						{"origin": [1, 2, 4], "size": [1, 1, 1], "pivot": [1, 1, 3], "rotation": [0, -90, 0], "uv": [27, 24]},
						{"origin": [3, 3, 4], "size": [1, 1, 1], "pivot": [3, 2, 3], "rotation": [0, -90, 0], "uv": [27, 24]},
						{"origin": [2, 2, 4], "size": [1, 1, 1], "pivot": [2, 1, 3], "rotation": [0, -90, 0], "uv": [28, 30]},
						{"origin": [4, 4, 2], "size": [1, 2, 2], "pivot": [4, 4, 3], "rotation": [0, -90, -180], "uv": [26, 27]},
						{"origin": [5, 4, 2], "size": [2, 2, 1], "pivot": [5, 5, 3], "rotation": [-180, 0, 180], "uv": [24, 26]},
						{"origin": [-3, 6, 2], "size": [2, 2, 1], "pivot": [-3, 7, 3], "rotation": [-180, 0, 180], "uv": [23, 24]},
						{"origin": [-2, 11, -4], "size": [1, 1, 1], "uv": [24, 26]},
						{"origin": [-1, 11, -4], "size": [2, 1, 1], "uv": [21, 27]},
						{"origin": [-1, 11, -4], "size": [2, 1, 1], "uv": [21, 27]},
						{"origin": [1, 11, -4], "size": [1, 1, 1], "uv": [24, 24]},
						{"origin": [3, 10, -4], "size": [1, 1, 1], "uv": [25, 26]},
						{"origin": [1, 9, -4], "size": [2, 2, 1], "uv": [23, 24]},
						{"origin": [-1, 9, -4], "size": [2, 2, 1], "uv": [21, 27]},
						{"origin": [-4, 10, -4], "size": [1, 1, 1], "uv": [23, 24]},
						{"origin": [-3, 9, -4], "size": [2, 2, 1], "uv": [24, 26]},
						{"origin": [-5, 8, -4], "size": [2, 2, 1], "uv": [23, 24]},
						{"origin": [-5, 4, -2], "size": [1, 2, 1], "pivot": [-5, 5, -1], "rotation": [0, 90, 0], "uv": [20, 27]},
						{"origin": [-5, 6, -2], "size": [1, 2, 1], "pivot": [-5, 7, -1], "rotation": [0, 90, 0], "uv": [23, 26]},
						{"origin": [-5, 8, -2], "size": [1, 1, 1], "pivot": [-5, 9, -1], "rotation": [0, 90, 0], "uv": [18, 26]},
						{"origin": [-3, 7, -4], "size": [2, 2, 1], "uv": [24, 26]},
						{"origin": [-1, 7, -4], "size": [2, 2, 1], "uv": [21, 27]},
						{"origin": [3, 8, -4], "size": [2, 2, 1], "uv": [24, 26]},
						{"origin": [1, 7, -4], "size": [2, 2, 1], "uv": [23, 24]},
						{"origin": [3, 6, -4], "size": [2, 2, 1], "uv": [24, 26]},
						{"origin": [-5, 6, -4], "size": [2, 2, 1], "uv": [23, 24]},
						{"origin": [-1, 7, 2], "size": [2, 2, 1], "pivot": [-1, 8, 3], "rotation": [-180, 0, 180], "uv": [24, 26]},
						{"origin": [1, 7, 2], "size": [2, 2, 1], "pivot": [1, 8, 3], "rotation": [-180, 0, 180], "uv": [21, 27]},
						{"origin": [3, 7, 2], "size": [2, 2, 1], "pivot": [3, 8, 3], "rotation": [-180, 0, 180], "uv": [23, 24]},
						{"origin": [5, 6, 2], "size": [2, 2, 1], "pivot": [5, 7, 3], "rotation": [-180, 0, 180], "uv": [24, 26]},
						{"origin": [3, 4, 2], "size": [2, 2, 1], "pivot": [3, 5, 3], "rotation": [-180, 0, 180], "uv": [23, 24]},
						{"origin": [1, 4, 2], "size": [2, 2, 1], "pivot": [1, 5, 3], "rotation": [-180, 0, 180], "uv": [21, 27]},
						{"origin": [-1, 4, 2], "size": [2, 2, 1], "pivot": [-1, 5, 3], "rotation": [-180, 0, 180], "uv": [24, 26]},
						{"origin": [-4, 2, 2], "size": [1, 2, 2], "pivot": [-4, 2, 3], "rotation": [0, -90, 0], "uv": [19, 27]},
						{"origin": [-3, 4, 2], "size": [2, 2, 1], "pivot": [-3, 5, 3], "rotation": [-180, 0, 180], "uv": [23, 24]},
						{"origin": [3, 4, -4], "size": [2, 2, 1], "uv": [24, 26]},
						{"origin": [-1, 4, -4], "size": [2, 2, 1], "uv": [21, 27]},
						{"origin": [1, 4, -4], "size": [2, 2, 1], "uv": [23, 24]},
						{"origin": [-3, 4, -4], "size": [2, 2, 1], "uv": [24, 26]},
						{"origin": [1, -4, 2], "size": [2, 1, 1], "pivot": [1, -5, 3], "rotation": [0, 180, 0], "uv": [23, 24]},
						{"origin": [0, -3, 2], "size": [2, 2, 1], "pivot": [0, -3, 3], "rotation": [0, 180, 0], "uv": [23, 24]},
						{"origin": [0, -3, 2], "size": [2, 2, 1], "pivot": [1, -3, 3], "rotation": [0, 180, 0], "uv": [22, 27]},
						{"origin": [0, -1, 2], "size": [2, 3, 1], "pivot": [1, 0, 3], "rotation": [0, 180, 0], "uv": [23, 24]},
						{"origin": [0, -1, 2], "size": [2, 3, 1], "pivot": [0, 0, 3], "rotation": [0, 180, 0], "uv": [23, 24]},
						{"origin": [0, -3, -4], "size": [2, 2, 1], "uv": [22, 27]},
						{"origin": [-2, -3, -4], "size": [2, 2, 1], "uv": [23, 24]},
						{"origin": [-1, -4, -4], "size": [2, 1, 1], "uv": [23, 24]},
						{"origin": [0, -1, -4], "size": [2, 3, 1], "uv": [23, 24]},
						{"origin": [-4, 2, -4], "size": [1, 2, 2], "pivot": [-4, 2, -3], "rotation": [0, 90, 0], "uv": [19, 27]},
						{"origin": [-3, 3, -2], "size": [1, 1, 1], "pivot": [-3, 2, -3], "rotation": [0, 90, 0], "uv": [28, 30]},
						{"origin": [-4, 2, -2], "size": [1, 1, 1], "pivot": [-4, 1, -3], "rotation": [0, 90, 0], "uv": [28, 30]},
						{"origin": [-2, 2, -2], "size": [1, 1, 1], "pivot": [-2, 1, -3], "rotation": [0, 90, 0], "uv": [28, 30]},
						{"origin": [1, 2, -2], "size": [1, 1, 1], "pivot": [1, 1, -3], "rotation": [0, 90, 0], "uv": [28, 30]},
						{"origin": [0, 3, -2], "size": [1, 1, 1], "pivot": [0, 2, -3], "rotation": [0, 90, 0], "uv": [27, 24]},
						{"origin": [-1, 2, -2], "size": [1, 1, 1], "pivot": [-1, 1, -3], "rotation": [0, 90, 0], "uv": [27, 24]},
						{"origin": [4, 4, -4], "size": [1, 2, 2], "pivot": [4, 4, -3], "rotation": [0, 90, 180], "uv": [26, 27]},
						{"origin": [6, 10, 2], "size": [1, 1, 1], "pivot": [5, 11, 3], "rotation": [-180, 0, 180], "uv": [25, 26]},
						{"origin": [4, 11, 2], "size": [1, 3, 1], "pivot": [3, 14, 3], "rotation": [-180, 0, 180], "uv": [24, 24]},
						{"origin": [1, 13, 2], "size": [2, 1, 1], "pivot": [1, 14, 3], "rotation": [-180, 0, 180], "uv": [24, 28]},
						{"origin": [1, 12, -5], "size": [2, 1, 1], "pivot": [1, 13, -4], "rotation": [-180, 0, 180], "uv": [24, 28]},
						{"origin": [-1, 11, 2], "size": [1, 3, 1], "pivot": [-1, 14, 3], "rotation": [-180, 0, 180], "uv": [22, 26]},
						{"origin": [3, 13, 2], "size": [1, 1, 1], "pivot": [3, 14, 3], "rotation": [-180, 0, 180], "uv": [22, 26]},
						{"origin": [-2, 13, 2], "size": [1, 1, 1], "pivot": [-2, 14, 3], "rotation": [-180, 0, 180], "uv": [21, 29]},
						{"origin": [-2, 14, 2], "size": [1, 1, 1], "pivot": [-2, 15, 3], "rotation": [-180, 0, 180], "uv": [23, 25]},
						{"origin": [-3, 14, -5], "size": [1, 1, 1], "pivot": [-3, 15, -4], "rotation": [-180, 0, 180], "uv": [23, 25]},
						{"origin": [-2, 14, -5], "size": [1, 1, 1], "pivot": [-2, 15, -4], "rotation": [-180, 0, 180], "uv": [26, 27]},
						{"origin": [3, 14, -5], "size": [1, 1, 1], "pivot": [3, 15, -4], "rotation": [-180, 0, 180], "uv": [26, 27]},
						{"origin": [-2, 13, -5], "size": [1, 1, 1], "pivot": [-2, 14, -4], "rotation": [-180, 0, 180], "uv": [18, 29]},
						{"origin": [3, 13, -5], "size": [1, 1, 1], "pivot": [3, 14, -4], "rotation": [-180, 0, 180], "uv": [18, 29]},
						{"origin": [-1, 13, -5], "size": [1, 1, 1], "pivot": [-1, 14, -4], "rotation": [-180, 0, 180], "uv": [18, 29]},
						{"origin": [2, 13, -5], "size": [1, 1, 1], "pivot": [2, 14, -4], "rotation": [-180, 0, 180], "uv": [18, 29]},
						{"origin": [4, 14, -5], "size": [1, 1, 1], "pivot": [4, 15, -4], "rotation": [-180, 0, 180], "uv": [22, 26]},
						{"origin": [3, 14, 2], "size": [1, 1, 1], "pivot": [3, 15, 3], "rotation": [-180, 0, 180], "uv": [23, 25]},
						{"origin": [-3, 14, 2], "size": [1, 1, 1], "pivot": [-3, 15, 3], "rotation": [-180, 0, 180], "uv": [20, 29]},
						{"origin": [4, 14, 2], "size": [1, 1, 1], "pivot": [4, 15, 3], "rotation": [-180, 0, 180], "uv": [20, 29]},
						{"origin": [4, 15, 1], "size": [1, 1, 6], "pivot": [4, 16, 2], "rotation": [-180, 0, 180], "uv": [18, 24]},
						{"origin": [-3, 15, 1], "size": [1, 1, 6], "pivot": [-3, 16, 2], "rotation": [-180, 0, 180], "uv": [18, 24]},
						{"origin": [-3, 10, 2], "size": [1, 1, 1], "pivot": [-3, 11, 3], "rotation": [-180, 0, 180], "uv": [23, 24]},
						{"origin": [-3, 8, 2], "size": [2, 2, 1], "pivot": [-3, 9, 3], "rotation": [-180, 0, 180], "uv": [23, 24]},
						{"origin": [-4, 4, 2], "size": [1, 2, 1], "pivot": [-5, 5, 3], "rotation": [0, 90, 0], "uv": [25, 26]},
						{"origin": [-4, 6, 2], "size": [1, 2, 1], "pivot": [-5, 7, 3], "rotation": [0, 90, 0], "uv": [19, 27]},
						{"origin": [-4, 8, 2], "size": [1, 1, 1], "pivot": [-5, 9, 3], "rotation": [0, 90, 0], "uv": [27, 28]},
						{"origin": [6, 4, -4], "size": [1, 2, 1], "pivot": [5, 5, -3], "rotation": [0, -90, 0], "uv": [21, 27]},
						{"origin": [5, 4, -2], "size": [2, 2, 1], "pivot": [5, 5, -1], "rotation": [0, -90, 0], "uv": [25, 27]},
						{"origin": [5, 6, -2], "size": [2, 2, 1], "pivot": [5, 7, -1], "rotation": [0, -90, 0], "uv": [24, 27]},
						{"origin": [5, 8, -2], "size": [2, 1, 1], "pivot": [5, 9, -1], "rotation": [0, -90, 0], "uv": [18, 24]},
						{"origin": [6, 6, -4], "size": [1, 2, 1], "pivot": [5, 7, -3], "rotation": [0, -90, 0], "uv": [24, 26]},
						{"origin": [6, 8, -4], "size": [1, 1, 1], "pivot": [5, 9, -3], "rotation": [0, -90, 0], "uv": [19, 26]},
						{"origin": [5, 6, 0], "size": [1, 2, 1], "pivot": [5, 7, 1], "rotation": [0, -90, 0], "uv": [18, 27]},
						{"origin": [5, 4, 0], "size": [1, 2, 1], "pivot": [5, 5, 1], "rotation": [0, -90, 0], "uv": [24, 26]},
						{"origin": [5, 8, 0], "size": [1, 1, 1], "pivot": [5, 9, 1], "rotation": [0, -90, 0], "uv": [26, 28]},
						{"origin": [-5, 6, 0], "size": [2, 2, 1], "pivot": [-5, 7, 1], "rotation": [0, 90, 0], "uv": [24, 27]},
						{"origin": [-5, 4, 0], "size": [2, 2, 1], "pivot": [-5, 5, 1], "rotation": [0, 90, 0], "uv": [25, 27]},
						{"origin": [-5, 8, 0], "size": [2, 1, 1], "pivot": [-5, 9, 1], "rotation": [0, 90, 0], "uv": [18, 24]},
						{"origin": [-1, 9, 2], "size": [2, 2, 1], "pivot": [-1, 10, 3], "rotation": [-180, 0, 180], "uv": [24, 26]},
						{"origin": [1, 9, 2], "size": [2, 2, 1], "pivot": [1, 10, 3], "rotation": [-180, 0, 180], "uv": [25, 25]},
						{"origin": [3, 9, 2], "size": [2, 2, 1], "pivot": [3, 10, 3], "rotation": [-180, 0, 180], "uv": [23, 24]},
						{"origin": [5, 8, 2], "size": [2, 2, 1], "pivot": [5, 9, 3], "rotation": [-180, 0, 180], "uv": [24, 26]},
						{"origin": [3, 3, -2], "size": [1, 3, 3], "pivot": [3, 3, -1], "rotation": [-180, 0, 90], "uv": [6, 21]},
						{"origin": [3, 3, 1], "size": [1, 3, 3], "pivot": [3, 3, 2], "rotation": [-180, 0, 90], "uv": [6, 21]},
						{"origin": [0, 3, 1], "size": [1, 3, 3], "pivot": [0, 3, 2], "rotation": [-180, 0, 90], "uv": [6, 21]},
						{"origin": [6, 4, -2], "size": [1, 2, 3], "pivot": [6, 3, -1], "rotation": [-180, 0, 90], "uv": [6, 21]},
						{"origin": [6, 4, 1], "size": [1, 2, 3], "pivot": [6, 3, 2], "rotation": [-180, 0, 90], "uv": [6, 21]},
						{"origin": [-2, 4, 1], "size": [1, 2, 3], "pivot": [-2, 3, 2], "rotation": [-180, 0, 90], "uv": [6, 21]},
						{"origin": [-2, 4, -2], "size": [1, 2, 3], "pivot": [-2, 3, -1], "rotation": [-180, 0, 90], "uv": [6, 21]},
						{"origin": [0, 3, -2], "size": [1, 3, 3], "pivot": [0, 3, -1], "rotation": [-180, 0, 90], "uv": [6, 21]},
						{"origin": [0, 12, 1], "size": [1, 3, 3], "pivot": [0, 12, 2], "rotation": [-180, 0, 90], "uv": [6, 21]},
						{"origin": [3, 12, 1], "size": [1, 3, 3], "pivot": [3, 12, 2], "rotation": [-180, 0, 90], "uv": [6, 21]},
						{"origin": [3, 12, -2], "size": [1, 3, 3], "pivot": [3, 12, -1], "rotation": [-180, 0, 90], "uv": [6, 21]},
						{"origin": [0, 12, -2], "size": [1, 3, 3], "pivot": [0, 12, -1], "rotation": [-180, 0, 90], "uv": [6, 21]}
					]
				},
				{
					"name": "arm_right",
					"pivot": [-5, 12, 0]
				},
				{
					"name": "arm_plate_right",
					"parent": "arm_right",
					"pivot": [-5, 12, 0],
					"binding": "'rightarm'",
					"cubes": [
						{"origin": [-10, 3, 0], "size": [1, 3, 3], "uv": [21, 26]},
						{"origin": [-10, 6, 0], "size": [1, 2, 3], "uv": [21, 26]},
						{"origin": [-5, 6, 3], "size": [1, 2, 1], "pivot": [-5, 6, 4], "rotation": [0, 90, 0], "uv": [23, 28]},
						{"origin": [-5, 13, 3], "size": [1, 2, 2], "pivot": [-5, 13, 4], "rotation": [0, 90, 0], "uv": [22, 27]},
						{"origin": [-5, 13, -4], "size": [1, 1, 2], "pivot": [-5, 13, -3], "rotation": [0, 90, -180], "uv": [20, 29]},
						{"origin": [-8, 11, -4], "size": [1, 1, 2], "pivot": [-8, 11, -3], "rotation": [0, 90, -180], "uv": [20, 29]},
						{"origin": [-7, 15, -4], "size": [1, 2, 3], "pivot": [-7, 14, -3], "rotation": [0, 90, -180], "uv": [18, 26]},
						{"origin": [-7, 17, -4], "size": [1, 2, 3], "pivot": [-7, 16, -3], "rotation": [0, 90, -180], "uv": [19, 26]},
						{"origin": [-5, 15, -4], "size": [1, 2, 2], "pivot": [-5, 15, -3], "rotation": [0, 90, -180], "uv": [21, 25]},
						{"origin": [-8, 10, 3], "size": [1, 3, 3], "pivot": [-8, 10, 4], "rotation": [0, 90, 0], "uv": [22, 25]},
						{"origin": [-5, 12, 3], "size": [1, 1, 2], "pivot": [-5, 11, 4], "rotation": [0, 90, 0], "uv": [22, 27]},
						{"origin": [-10, 13, -1], "size": [1, 2, 2], "uv": [23, 26]},
						{"origin": [-10, 13, 1], "size": [1, 2, 2], "uv": [22, 27]},
						{"origin": [-10, 10, -3], "size": [1, 3, 2], "uv": [19, 27]},
						{"origin": [-10, 10, -1], "size": [1, 3, 2], "uv": [23, 26]},
						{"origin": [-10, 10, 1], "size": [1, 3, 2], "uv": [22, 27]},
						{"origin": [-10, 13, -3], "size": [1, 2, 2], "uv": [19, 27]},
						{"origin": [-8, 16, 2], "size": [1, 3, 3], "pivot": [-8, 16, 3], "rotation": [90, 0, 90], "uv": [22, 25]},
						{"origin": [-5, 15, 1], "size": [1, 3, 2], "pivot": [-5, 16, 2], "rotation": [90, 0, 90], "uv": [22, 27]},
						{"origin": [-9, 16, -3], "size": [1, 3, 3], "pivot": [-9, 16, -2], "rotation": [0, 0, 90], "uv": [22, 25]},
						{"origin": [-5, 15, -3], "size": [1, 3, 2], "pivot": [-5, 16, -2], "rotation": [-90, 0, 90], "uv": [22, 27]},
						{"origin": [-4, 3, -3], "size": [1, 3, 1], "pivot": [-4, 3, -4], "rotation": [0, -90, 0], "uv": [23, 28]},
						{"origin": [-7, 3, -5], "size": [1, 3, 3], "pivot": [-7, 3, -4], "rotation": [0, -90, 0], "uv": [22, 25]},
						{"origin": [-7, 6, -5], "size": [1, 2, 3], "pivot": [-7, 6, -4], "rotation": [0, -90, 0], "uv": [22, 25]},
						{"origin": [-4, 6, -3], "size": [1, 2, 1], "pivot": [-4, 6, -4], "rotation": [0, -90, 0], "uv": [23, 28]},
						{"origin": [-8, 3, 3], "size": [1, 3, 3], "pivot": [-8, 3, 4], "rotation": [0, 90, 0], "uv": [22, 25]},
						{"origin": [-5, 3, 3], "size": [1, 3, 1], "pivot": [-5, 3, 4], "rotation": [0, 90, 0], "uv": [23, 28]},
						{"origin": [-10, 2, -2], "size": [1, 1, 4], "uv": [20, 25]},
						{"origin": [-10, 3, -3], "size": [1, 3, 3], "uv": [22, 25]},
						{"origin": [-10, 6, -3], "size": [1, 2, 3], "uv": [22, 25]},
						{"origin": [-8, 6, 3], "size": [1, 2, 3], "pivot": [-8, 6, 4], "rotation": [0, 90, 0], "uv": [22, 25]},
						{"origin": [-8, 13, 3], "size": [1, 2, 3], "pivot": [-8, 12, 4], "rotation": [0, 90, 0], "uv": [22, 25]},
						{"origin": [-6, 4, -2], "size": [1, 3, 3], "pivot": [-6, 4, -1], "rotation": [-180, 0, 90], "uv": [6, 21]},
						{"origin": [-3, 4, 1], "size": [1, 3, 3], "pivot": [-3, 4, 2], "rotation": [-180, 0, 90], "uv": [6, 21]},
						{"origin": [-3, 4, -2], "size": [1, 3, 3], "pivot": [-3, 4, -1], "rotation": [-180, 0, 90], "uv": [6, 21]},
						{"origin": [-6, 4, 1], "size": [1, 3, 3], "pivot": [-6, 4, 2], "rotation": [-180, 0, 90], "uv": [6, 21]},
						{"origin": [-8, 2, -2], "size": [4, 12, 4], "inflate": 1, "uv": [0, 16]}
					]
				},
				{
					"name": "arm_left",
					"pivot": [5, 12, 0]
				},
				{
					"name": "arm_plate_left",
					"parent": "arm_left",
					"pivot": [5, 12, 0],
					"binding": "'leftarm'",
					"cubes": [
						{"origin": [5, 12, -4], "size": [1, 1, 2], "pivot": [5, 12, -3], "rotation": [0, 90, 0], "uv": [20, 29]},
						{"origin": [8, 10, -4], "size": [1, 1, 2], "pivot": [8, 10, -3], "rotation": [0, 90, 0], "uv": [20, 29]},
						{"origin": [7, 11, -4], "size": [1, 2, 3], "pivot": [7, 10, -3], "rotation": [0, 90, 0], "uv": [18, 26]},
						{"origin": [5, 13, -4], "size": [1, 2, 2], "pivot": [5, 13, -3], "rotation": [0, 90, 0], "uv": [21, 25]},
						{"origin": [7, 13, -4], "size": [1, 2, 3], "pivot": [7, 12, -3], "rotation": [0, 90, 0], "uv": [19, 26]},
						{"origin": [5, 15, -2], "size": [1, 3, 2], "pivot": [5, 16, -1], "rotation": [90, 0, 90], "uv": [22, 27]},
						{"origin": [5, 15, 0], "size": [1, 3, 2], "pivot": [5, 16, 1], "rotation": [-90, 0, 90], "uv": [22, 27]},
						{"origin": [8, 16, -1], "size": [1, 3, 3], "pivot": [8, 16, 0], "rotation": [-90, 0, 90], "uv": [22, 25]},
						{"origin": [9, 16, -2], "size": [1, 3, 3], "pivot": [9, 16, -1], "rotation": [-180, 0, 90], "uv": [22, 25]},
						{"origin": [10, 6, 1], "size": [1, 2, 3], "pivot": [10, 6, 2], "rotation": [0, 180, 0], "uv": [21, 26]},
						{"origin": [10, 6, -2], "size": [1, 2, 3], "pivot": [10, 6, -1], "rotation": [0, 180, 0], "uv": [22, 25]},
						{"origin": [10, 3, -2], "size": [1, 3, 3], "pivot": [10, 3, -1], "rotation": [0, 180, 0], "uv": [22, 25]},
						{"origin": [10, 3, 1], "size": [1, 3, 3], "pivot": [10, 3, 2], "rotation": [0, 180, 0], "uv": [21, 26]},
						{"origin": [10, 2, -2], "size": [1, 1, 4], "pivot": [10, 0, 0], "rotation": [180, 0, -180], "uv": [20, 25]},
						{"origin": [6, 10, 3], "size": [1, 2, 2], "pivot": [6, 9, 4], "rotation": [0, 90, 180], "uv": [23, 26]},
						{"origin": [6, 6, 3], "size": [1, 3, 2], "pivot": [6, 6, 4], "rotation": [0, 90, 180], "uv": [23, 26]},
						{"origin": [8, 6, 3], "size": [1, 3, 2], "pivot": [8, 6, 4], "rotation": [0, 90, 180], "uv": [22, 27]},
						{"origin": [8, 10, 3], "size": [1, 2, 2], "pivot": [8, 9, 4], "rotation": [0, 90, 180], "uv": [22, 27]},
						{"origin": [5, 10, -4], "size": [1, 2, 2], "pivot": [5, 9, -4], "rotation": [0, -90, 180], "uv": [23, 26]},
						{"origin": [7, 10, -4], "size": [1, 2, 2], "pivot": [7, 9, -4], "rotation": [0, -90, 180], "uv": [22, 27]},
						{"origin": [7, 6, -4], "size": [1, 3, 2], "pivot": [7, 6, -4], "rotation": [0, -90, 180], "uv": [22, 27]},
						{"origin": [5, 6, -4], "size": [1, 3, 2], "pivot": [5, 6, -4], "rotation": [0, -90, 180], "uv": [23, 26]},
						{"origin": [10, 13, 1], "size": [1, 2, 2], "pivot": [10, 13, 2], "rotation": [0, 180, 0], "uv": [22, 27]},
						{"origin": [10, 13, -3], "size": [1, 2, 2], "pivot": [10, 13, -2], "rotation": [0, 180, 0], "uv": [19, 27]},
						{"origin": [10, 13, 1], "size": [1, 2, 2], "pivot": [10, 12, 1], "rotation": [0, 180, 0], "uv": [23, 26]},
						{"origin": [10, 10, -1], "size": [1, 3, 2], "pivot": [10, 11, 0], "rotation": [0, 180, 0], "uv": [19, 27]},
						{"origin": [10, 10, 1], "size": [1, 3, 2], "pivot": [10, 11, 2], "rotation": [0, 180, 0], "uv": [22, 27]},
						{"origin": [10, 10, -1], "size": [1, 3, 2], "pivot": [10, 10, -1], "rotation": [0, 180, 0], "uv": [23, 26]},
						{"origin": [5, 15, 3], "size": [1, 2, 2], "pivot": [5, 15, 4], "rotation": [0, 90, -180], "uv": [22, 27]},
						{"origin": [5, 15, 3], "size": [1, 1, 2], "pivot": [5, 14, 4], "rotation": [0, 90, -180], "uv": [22, 27]},
						{"origin": [8, 17, 3], "size": [1, 2, 3], "pivot": [8, 16, 4], "rotation": [0, 90, -180], "uv": [22, 25]},
						{"origin": [8, 13, 3], "size": [1, 3, 3], "pivot": [8, 13, 4], "rotation": [0, 90, -180], "uv": [22, 25]},
						{"origin": [6, 4, 1], "size": [1, 3, 3], "pivot": [6, 4, 2], "rotation": [-180, 0, 90], "uv": [6, 21]},
						{"origin": [9, 4, -2], "size": [1, 3, 3], "pivot": [9, 4, -1], "rotation": [-180, 0, 90], "uv": [6, 21]},
						{"origin": [9, 4, 1], "size": [1, 3, 3], "pivot": [9, 4, 2], "rotation": [-180, 0, 90], "uv": [6, 21]},
						{"origin": [6, 4, -2], "size": [1, 3, 3], "pivot": [6, 4, -1], "rotation": [-180, 0, 90], "uv": [6, 21]},
						{"origin": [4, 2, -2], "size": [4, 12, 4], "inflate": 1, "uv": [0, 16], "mirror": true}
					]
				}
			]
		}
	]
}