{
	"format_version": "1.21.50",
	"minecraft:geometry": [
		{
			"description": {
				"identifier": "geometry.sapphire_helmet",
				"texture_width": 32,
				"texture_height": 32,
				"visible_bounds_width": 3,
				"visible_bounds_height": 2.5,
				"visible_bounds_offset": [0, 0.75, 0]
			},
			"bones": [
				{
					"name": "root_item",
					"pivot": [0, 0, 0]
				},
				{
					"name": "helmet",
					"parent": "root_item",
					"pivot": [0, 0, 0],
					"binding": "'head'",
					"cubes": [
						{"origin": [-4, 0, -4], "size": [8, 8, 8], "inflate": 1, "uv": [0, 1]}
					]
				},
				{
					"name": "spikes",
					"parent": "helmet",
					"pivot": [2, 8, -5],
					"cubes": [
						{"origin": [-6, 8, -6], "size": [1, 2, 1], "uv": [0, 28]},
						{"origin": [5, 8, 5], "size": [1, 2, 1], "uv": [0, 28]},
						{"origin": [3, 8, 5], "size": [1, 3, 1], "uv": [0, 28]},
						{"origin": [1, 8, 5], "size": [1, 2, 1], "uv": [0, 28]},
						{"origin": [-2, 8, 5], "size": [1, 2, 1], "uv": [0, 28]},
						{"origin": [-4, 8, 5], "size": [1, 3, 1], "uv": [0, 28]},
						{"origin": [-6, 8, 5], "size": [1, 2, 1], "uv": [0, 28]},
						{"origin": [-6, 8, -6], "size": [1, 2, 1], "uv": [0, 28]},
						{"origin": [5, 8, -6], "size": [1, 2, 1], "uv": [0, 28]},
						{"origin": [5, 8, -2], "size": [1, 2, 1], "uv": [0, 28]},
						{"origin": [5, 8, 1], "size": [1, 2, 1], "uv": [0, 28]},
						{"origin": [-4, 8, -6], "size": [1, 3, 1], "uv": [0, 28]},
						{"origin": [3, 8, -6], "size": [1, 3, 1], "uv": [0, 28]},
						{"origin": [5, 8, -4], "size": [1, 3, 1], "uv": [0, 28]},
						{"origin": [-6, 8, 3], "size": [1, 3, 1], "uv": [0, 28]},
						{"origin": [-6, 8, 1], "size": [1, 2, 1], "uv": [0, 28]},
						{"origin": [-6, 8, -2], "size": [1, 2, 1], "uv": [0, 28]},
						{"origin": [-6, 8, -4], "size": [1, 3, 1], "uv": [0, 28]},
						{"origin": [5, 8, 3], "size": [1, 3, 1], "uv": [0, 28]},
						{"origin": [-2, 8, -6], "size": [1, 2, 1], "uv": [0, 28]},
						{"origin": [1, 8, -6], "size": [1, 2, 1], "uv": [0, 28]},
						{"origin": [1, 8, -6], "size": [1, 2, 1], "uv": [0, 28]}
					]
				}
			]
		}
	]
}