{
	"format_version": "1.21.50",
	"minecraft:geometry": [
		{
			"description": {
				"identifier": "geometry.selenite_helmet",
				"texture_width": 32,
				"texture_height": 32,
				"visible_bounds_width": 2,
				"visible_bounds_height": 2.5,
				"visible_bounds_offset": [0, 0.75, 0]
			},
			"bones": [
				{
					"name": "root_item",
					"pivot": [0, 0, 0]
				},
				{
					"name": "helmet",
					"parent": "root_item",
					"pivot": [0, 0, 0],
					"binding": "'head'",
					"cubes": [
						{"origin": [-4, 0, -4], "size": [8, 8, 8], "inflate": 1, "uv": [0, 1]}
					]
				},
				{
					"name": "horn",
					"parent": "helmet",
					"pivot": [0, 0, 0],
					"cubes": [
						{"origin": [-7, 8, -1], "size": [2, 2, 2], "uv": [0, 28]},
						{"origin": [-7, 10, -1], "size": [2, 2, 2], "pivot": [-6, 10, 0], "rotation": [0, 90, 0], "uv": [0, 28]},
						{"origin": [5, 10, -1], "size": [2, 2, 2], "pivot": [6, 10, 0], "rotation": [0, -87.5, 0], "uv": [0, 28]},
						{"origin": [5, 8, -1], "size": [2, 2, 2], "uv": [0, 28]},
						{"origin": [5, 7, -1], "size": [1, 1, 2], "uv": [0, 29]},
						{"origin": [-6, 7, -1], "size": [1, 1, 2], "uv": [0, 29]},
						{"origin": [-6, 8, -2], "size": [1, 2, 1], "uv": [0, 29]},
						{"origin": [5, 8, -2], "size": [1, 2, 1], "uv": [0, 29]},
						{"origin": [-6, 8, 1], "size": [1, 2, 1], "uv": [0, 29]},
						{"origin": [5, 8, 1], "size": [1, 2, 1], "uv": [0, 29]},
						{"origin": [-5, 9, -1], "size": [1, 1, 2], "uv": [0, 29]},
						{"origin": [-3, 14, -1], "size": [1, 0, 2], "uv": [1, 28]},
						{"origin": [3, 13, -1], "size": [1, 1, 2], "uv": [8, 29]},
						{"origin": [2, 14, -1], "size": [1, 1, 2], "uv": [1, 28]},
						{"origin": [2, 14, -1], "size": [1, 1, 2], "uv": [8, 29]},
						{"origin": [2, 15, -1], "size": [1, 1, 2], "uv": [8, 29]},
						{"origin": [-3, 14, -1], "size": [1, 1, 2], "uv": [8, 29]},
						{"origin": [-3, 15, -1], "size": [1, 1, 2], "uv": [8, 29]},
						{"origin": [4, 14, 1], "size": [1, 1, 2], "pivot": [4, 14, 1], "rotation": [0, 180, 0], "uv": [8, 29]},
						{"origin": [-4, 13, -1], "size": [1, 1, 2], "uv": [8, 29]},
						{"origin": [-3, 14, 1], "size": [1, 1, 2], "pivot": [-3, 14, 1], "rotation": [0, 180, 0], "uv": [8, 29]},
						{"origin": [-5, 13, -1], "size": [1, 1, 2], "uv": [8, 29]},
						{"origin": [4, 13, -1], "size": [1, 1, 2], "uv": [8, 29]},
						{"origin": [-5, 12, -1], "size": [1, 1, 2], "uv": [8, 29]},
						{"origin": [4, 12, -1], "size": [1, 1, 2], "uv": [8, 29]},
						{"origin": [-5, 12, 1], "size": [1, 1, 2], "pivot": [-5, 12, 1], "rotation": [0, 180, 0], "uv": [8, 29]},
						{"origin": [6, 12, 1], "size": [1, 1, 2], "pivot": [6, 12, 1], "rotation": [0, 180, 0], "uv": [8, 29]},
						{"origin": [4, 9, -1], "size": [1, 1, 2], "uv": [0, 29]}
					]
				}
			]
		}
	]
}