{
    "format_version": "1.21.50",
    "minecraft:recipe_shaped": {
        "description": {
            "identifier": "aquamarine_battleaxe"
        },
        "tags": ["crafting_table"],
        "pattern": [
            "xxx",
            "xyx",
            "xxx"
        ],
        "key": {
            "x": "forge:aquamarine",
            "y": "forge:battleaxe_mold"
        },
        "unlock": [
            {
                "item": "forge:aquamarine"
            }
        ],
        "result": "forge:aquamarine_battleaxe"
    }
}