{
    "format_version": "1.21.50",
    "minecraft:recipe_shaped": {
        "description": {
            "identifier": "forge:aquamarine_leggings"
        },
        "tags": ["crafting_table"],
        "pattern": [
            "xxx",
            "xyx",
            "xxx"
        ],
        "key": {
            "x": "forge:aquamarine",
            "y": "forge:leggings_mold"
        },
        "unlock": [
            {
                "item": "forge:aquamarine"
            }
        ],
        "result": "forge:aquamarine_leggings"
    }
}