{
    "format_version": "1.21.50",
    "minecraft:recipe_shaped": {
        "description": {
            "identifier": "forge:katana_mold"
        },
        "tags": ["crafting_table"],
        "pattern": [
            "  x",
            " x",
            "y"
        ],
        "key": {
            "x": "minecraft:stone",
            "y": "forge:stone_rod"
        },
        "unlock": [
            {
                "item": "minecraft:stone"
            }
        ],
        "result": "forge:katana_mold"
    }
}