{
    "format_version": "1.21.50",
    "minecraft:recipe_shaped": {
        "description": {
            "identifier": "forge:titanite"
        },
        "tags": ["crafting_table"],
        "pattern": [
            "x"
        ],
        "key": {
            "x": "forge:titanite_block"
        },
        "unlock": [
            {
                "item": "forge:titanite_block"
            }
        ],
        "result": {
            "item": "forge:titanite",
            "count": 9
        }
    }
}