{
  "format_version": "1.21.50",
  "minecraft:entity": {
    "description": {
      "identifier": "minecraft:player",
      "is_spawnable": false,
      "is_summonable": false,
      "is_experimental": false
    },

    "component_groups": {
      "minecraft:add_bad_omen": {
        "minecraft:spell_effects": {
          "add_effects": [
            {
              "effect": "bad_omen",
              "duration": 6000,
              "visible": false,
              "display_on_screen_animation": true
            }
          ]
        },
        "minecraft:timer": {
          "time": [ 0.0, 0.0 ],
          "looping": false,
          "time_down_event": {
            "event": "minecraft:clear_add_bad_omen",
            "target": "self"
          }
        }
      },
      "minecraft:clear_bad_omen_spell_effect": {
        "minecraft:spell_effects": {
        }
      },
      "minecraft:raid_trigger": {
        "minecraft:raid_trigger": {
          "triggered_event": {
            "event": "minecraft:remove_raid_trigger",
            "target": "self"
          }
        },
        "minecraft:spell_effects": {
          "remove_effects": "bad_omen"
        }
      }
    },

    "components": {
      "minecraft:experience_reward": {
        "on_death": "Math.Min(query.player_level * 7, 100)"
      },
      "minecraft:type_family": {
        "family": [ "player" ]
      },
      "minecraft:is_hidden_when_invisible": {
      },
      "minecraft:loot": {
        "table": "loot_tables/empty.json"
      },
      "minecraft:collision_box": {
        "width": 0.6,
        "height": 1.8
      },
      "minecraft:can_climb": {
      },
      "minecraft:movement": {
        "value": 0.1
      },
      "minecraft:hurt_on_condition": {
        "damage_conditions": [
          {
            "filters": { "test": "in_lava", "subject": "self", "operator": "==", "value": true },
            "cause": "lava",
            "damage_per_tick": 4
          }
        ]
      },
      "minecraft:attack": {
        "damage": 1
      },
      "minecraft:exhaustion_values": {
        "heal": 6,
        "jump": 0.05,
        "sprint_jump": 0.2,
        "mine": 0.005,
        "attack": 0.1,
        "damage": 0.1,
        "walk": 0.0,
        "sprint": 0.01,
        "swim": 0.01
      },
      "minecraft:player.saturation": {
        "value": 5,
         "max": 20
      },
      "minecraft:player.exhaustion": {
        "value": 0,
        "max": 20
      },
      "minecraft:player.level": {
        "value": 0,
        "max": 24791
      },
      "minecraft:player.experience": {
        "value": 0,
        "max": 1
      },
      "minecraft:breathable": {
        "total_supply": 15,
        "suffocate_time": -1,
        "inhale_time": 3.75,
        "generates_bubbles": false
      },
      "minecraft:nameable": {
        "always_show": true,
        "allow_name_tag_renaming": false
      },
      "minecraft:physics": {
      },
      "minecraft:pushable": {
        "is_pushable": false,
        "is_pushable_by_piston": true
      },
      "minecraft:insomnia": {
        "days_until_insomnia": 3
      },
      "minecraft:rideable": {
        "seat_count": 2,
        "family_types": [
          "parrot_tame"
        ],
        "pull_in_entities": true,
        "seats": [
          {
            "position": [ 0.4, -0.2, -0.1 ],
            "min_rider_count": 0,
            "max_rider_count": 0,
            "lock_rider_rotation": 0
          },
          {
            "position": [ -0.4, -0.2, -0.1 ],
            "min_rider_count": 1,
            "max_rider_count": 2,
            "lock_rider_rotation": 0
          }
        ]
      },
      "minecraft:conditional_bandwidth_optimization": {
      },
      "minecraft:block_climber": {},
      "minecraft:environment_sensor": {
        "triggers": [
          {
            "filters": {
                "all_of": [
                {
                    "test": "has_mob_effect",
                    "subject": "self",
                    "value": "bad_omen"
                },
                {
                    "test": "is_in_village",
                    "subject": "self",
                    "value": true
                }
                ]
            },
            "event": "minecraft:trigger_raid"
          },
          {
            "filters": {
              "all_of": [
                {
                  "test": "has_equipment",
                  "subject": "self",
                  "domain": "hand",
                  "operator": "==",
                  "value": "forge:topaz_ring"
                }
              ]
            },
            "event": "forge:topaz_event"
          },
          {
            "filters": {
              "all_of": [
                {
                  "test": "has_equipment",
                  "subject": "self",
                  "domain": "hand",
                  "operator": "==",
                  "value": "forge:aquamarine_ring"
                }
              ]
            },
            "event": "forge:aquamarine_event"
          },
          {
            "filters": {
              "all_of": [
                {
                  "test": "has_equipment",
                  "subject": "self",
                  "domain": "hand",
                  "operator": "==",
                  "value": "forge:fluorite_ring"
                }
              ]
            },
            "event": "forge:fluorite_event"
          },
          {
            "filters": {
              "all_of": [
                {
                  "test": "has_equipment",
                  "subject": "self",
                  "domain": "hand",
                  "operator": "==",
                  "value": "forge:garnet_ring"
                }
              ]
            },
            "event": "forge:garnet_event"
          },
          {
            "filters": {
              "all_of": [
                {
                  "test": "has_equipment",
                  "subject": "self",
                  "domain": "hand",
                  "operator": "==",
                  "value": "forge:selenite_ring"
                }
              ]
            },
            "event": "forge:selenite_event"
          },
          {
            "filters": {
              "all_of": [
                {
                  "test": "has_equipment",
                  "subject": "self",
                  "domain": "hand",
                  "operator": "==",
                  "value": "forge:jade_ring"
                }
              ]
            },
            "event": "forge:jade_event"
          },
          {
            "filters": {
              "all_of": [
                {
                  "test": "has_equipment",
                  "subject": "self",
                  "domain": "hand",
                  "operator": "==",
                  "value": "forge:rhodochrosite_ring"
                }
              ]
            },
            "event": "forge:rhodochrosite_event"
          },
          {
            "filters": {
              "all_of": [
                {
                  "test": "has_equipment",
                  "subject": "self",
                  "domain": "hand",
                  "operator": "==",
                  "value": "forge:ruby_ring"
                }
              ]
            },
            "event": "forge:ruby_event"
          },
          {
            "filters": {
              "all_of": [
                {
                  "test": "has_equipment",
                  "subject": "self",
                  "domain": "hand",
                  "operator": "==",
                  "value": "forge:sapphire_ring"
                }
              ]
            },
            "event": "forge:sapphire_event"
          },
          {
            "filters": {
              "all_of": [
                {
                  "test": "has_equipment",
                  "subject": "self",
                  "domain": "hand",
                  "operator": "==",
                  "value": "forge:titanite_ring"
                }
              ]
            },
            "event": "forge:titanite_event"
          },
          {
            "filters": {
              "all_of": [
                {
                  "test": "has_equipment",
                  "subject": "self",
                  "domain": "head",
                  "operator": "==",
                  "value": "forge:ruby_helmet"
                },
                {
                  "test": "has_equipment",
                  "subject": "self",
                  "domain": "torso",
                  "operator": "==",
                  "value": "forge:ruby_chestplate"
                },
                {
                  "test": "has_equipment",
                  "subject": "self",
                  "domain": "leg",
                  "operator": "==",
                  "value": "forge:ruby_leggings"
                },
                {
                  "test": "has_equipment",
                  "subject": "self",
                  "domain": "feet",
                  "operator": "==",
                  "value": "forge:ruby_boots"
                }
              ]
            },
            "event": "forge:ruby_event"
          },
          {
            "filters": {
              "all_of": [
                {
                  "test": "has_equipment",
                  "subject": "self",
                  "domain": "head",
                  "operator": "==",
                  "value": "forge:sapphire_helmet"
                },
                {
                  "test": "has_equipment",
                  "subject": "self",
                  "domain": "torso",
                  "operator": "==",
                  "value": "forge:sapphire_chestplate"
                },
                {
                  "test": "has_equipment",
                  "subject": "self",
                  "domain": "leg",
                  "operator": "==",
                  "value": "forge:sapphire_leggings"
                },
                {
                  "test": "has_equipment",
                  "subject": "self",
                  "domain": "feet",
                  "operator": "==",
                  "value": "forge:sapphire_boots"
                }
              ]
            },
            "event": "forge:sapphire_event"
          },
          {
            "filters": {
              "all_of": [
                {
                  "test": "has_equipment",
                  "subject": "self",
                  "domain": "head",
                  "operator": "==",
                  "value": "forge:aquamarine_helmet"
                },
                {
                  "test": "has_equipment",
                  "subject": "self",
                  "domain": "torso",
                  "operator": "==",
                  "value": "forge:aquamarine_chestplate"
                },
                {
                  "test": "has_equipment",
                  "subject": "self",
                  "domain": "leg",
                  "operator": "==",
                  "value": "forge:aquamarine_leggings"
                },
                {
                  "test": "has_equipment",
                  "subject": "self",
                  "domain": "feet",
                  "operator": "==",
                  "value": "forge:aquamarine_boots"
                }
              ]
            },
            "event": "forge:aquamarine_event"
          },
          {
            "filters": {
              "all_of": [
                {
                  "test": "has_equipment",
                  "subject": "self",
                  "domain": "head",
                  "operator": "==",
                  "value": "forge:rhodochrosite_helmet"
                },
                {
                  "test": "has_equipment",
                  "subject": "self",
                  "domain": "torso",
                  "operator": "==",
                  "value": "forge:rhodochrosite_chestplate"
                },
                {
                  "test": "has_equipment",
                  "subject": "self",
                  "domain": "leg",
                  "operator": "==",
                  "value": "forge:rhodochrosite_leggings"
                },
                {
                  "test": "has_equipment",
                  "subject": "self",
                  "domain": "feet",
                  "operator": "==",
                  "value": "forge:rhodochrosite_boots"
                }
              ]
            },
            "event": "forge:rhodochrosite_event"
          },
          {
            "filters": {
              "all_of": [
                {
                  "test": "has_equipment",
                  "subject": "self",
                  "domain": "head",
                  "operator": "==",
                  "value": "forge:jade_helmet"
                },
                {
                  "test": "has_equipment",
                  "subject": "self",
                  "domain": "torso",
                  "operator": "==",
                  "value": "forge:jade_chestplate"
                },
                {
                  "test": "has_equipment",
                  "subject": "self",
                  "domain": "leg",
                  "operator": "==",
                  "value": "forge:jade_leggings"
                },
                {
                  "test": "has_equipment",
                  "subject": "self",
                  "domain": "feet",
                  "operator": "==",
                  "value": "forge:jade_boots"
                }
              ]
            },
            "event": "forge:jade_event"
          },
          {
            "filters": {
              "all_of": [
                {
                  "test": "has_equipment",
                  "subject": "self",
                  "domain": "head",
                  "operator": "==",
                  "value": "forge:titanite_helmet"
                },
                {
                  "test": "has_equipment",
                  "subject": "self",
                  "domain": "torso",
                  "operator": "==",
                  "value": "forge:titanite_chestplate"
                },
                {
                  "test": "has_equipment",
                  "subject": "self",
                  "domain": "leg",
                  "operator": "==",
                  "value": "forge:titanite_leggings"
                },
                {
                  "test": "has_equipment",
                  "subject": "self",
                  "domain": "feet",
                  "operator": "==",
                  "value": "forge:titanite_boots"
                }
              ]
            },
            "event": "forge:titanite_event"
          },
          {
            "filters": {
              "all_of": [
                {
                  "test": "has_equipment",
                  "subject": "self",
                  "domain": "head",
                  "operator": "==",
                  "value": "forge:garnet_helmet"
                },
                {
                  "test": "has_equipment",
                  "subject": "self",
                  "domain": "torso",
                  "operator": "==",
                  "value": "forge:garnet_chestplate"
                },
                {
                  "test": "has_equipment",
                  "subject": "self",
                  "domain": "leg",
                  "operator": "==",
                  "value": "forge:garnet_leggings"
                },
                {
                  "test": "has_equipment",
                  "subject": "self",
                  "domain": "feet",
                  "operator": "==",
                  "value": "forge:garnet_boots"
                }
              ]
            },
            "event": "forge:garnet_event"
          },
          {
            "filters": {
              "all_of": [
                {
                  "test": "has_equipment",
                  "subject": "self",
                  "domain": "head",
                  "operator": "==",
                  "value": "forge:topaz_helmet"
                },
                {
                  "test": "has_equipment",
                  "subject": "self",
                  "domain": "torso",
                  "operator": "==",
                  "value": "forge:topaz_chestplate"
                },
                {
                  "test": "has_equipment",
                  "subject": "self",
                  "domain": "leg",
                  "operator": "==",
                  "value": "forge:topaz_leggings"
                },
                {
                  "test": "has_equipment",
                  "subject": "self",
                  "domain": "feet",
                  "operator": "==",
                  "value": "forge:topaz_boots"
                }
              ]
            },
            "event": "forge:topaz_event"
          },
          {
            "filters": {
              "all_of": [
                {
                  "test": "has_equipment",
                  "subject": "self",
                  "domain": "head",
                  "operator": "==",
                  "value": "forge:fluorite_helmet"
                },
                {
                  "test": "has_equipment",
                  "subject": "self",
                  "domain": "torso",
                  "operator": "==",
                  "value": "forge:fluorite_chestplate"
                },
                {
                  "test": "has_equipment",
                  "subject": "self",
                  "domain": "leg",
                  "operator": "==",
                  "value": "forge:fluorite_leggings"
                },
                {
                  "test": "has_equipment",
                  "subject": "self",
                  "domain": "feet",
                  "operator": "==",
                  "value": "forge:fluorite_boots"
                }
              ]
            },
            "event": "forge:fluorite_event"
          },
          {
            "filters": {
              "all_of": [
                {
                  "test": "has_equipment",
                  "subject": "self",
                  "domain": "head",
                  "operator": "==",
                  "value": "forge:selenite_helmet"
                },
                {
                  "test": "has_equipment",
                  "subject": "self",
                  "domain": "torso",
                  "operator": "==",
                  "value": "forge:selenite_chestplate"
                },
                {
                  "test": "has_equipment",
                  "subject": "self",
                  "domain": "leg",
                  "operator": "==",
                  "value": "forge:selenite_leggings"
                },
                {
                  "test": "has_equipment",
                  "subject": "self",
                  "domain": "feet",
                  "operator": "==",
                  "value": "forge:selenite_boots"
                }
              ]
            },
            "event": "forge:selenite_event"
          }
        ]
      }
    },

    "events": {
      "forge:topaz_event": {
        "sequence": [
          {
            "queue_command": {
                "command": "effect @s speed 2 1"
            }
          }
        ]
      },
      "forge:aquamarine_event": {
        "sequence": [
            {
              "queue_command": {
                  "command": "effect @s water_breathing 2 1"
              }
            }
          ]
      },
      "forge:fluorite_event": {
        "sequence": [
            {
              "queue_command": {
                  "command": "effect @s jump_boost 2 1"
              }
            }
          ]
      },
      "forge:garnet_event": {
        "sequence": [
            {
              "queue_command": {
                  "command": "effect @s fire_resistance 2 1"
              }
            }
          ]
      },
      "forge:selenite_event": {
        "sequence": [
            {
              "queue_command": {
                  "command": "effect @s resistance 2 1"
              }
            }
          ]
      },
      "forge:jade_event": {
        "sequence": [
            {
              "queue_command": {
                  "command": "effect @s haste 2 1"
              }
            }
          ]
      },
      "forge:rhodochrosite_event": {
        "sequence": [
            {
              "queue_command": {
                  "command": "effect @s absorption 2 1"
              }
            }
          ]
      },
      "forge:ruby_event": {
        "sequence": [
            {
              "queue_command": {
                  "command": "effect @s health_boost 2 1"
              }
            }
          ]
      },
      "forge:sapphire_event": {
        "sequence": [
            {
              "queue_command": {
                  "command": "effect @s night_vision 12 1"
              }
            }
          ]
      },
      "forge:titanite_event": {
        "sequence": [
            {
              "queue_command": {
                  "command": "effect @s strength 2 1"
              }
            }
          ]
      },

      "minecraft:gain_bad_omen": {
        "add": {
          "component_groups": [
            "minecraft:add_bad_omen"
          ]
        }
      },
      "minecraft:clear_add_bad_omen": {
        "remove": {
          "component_groups": [
            "minecraft:add_bad_omen"
          ]
        },
        "add": {
          "component_groups": [
            "minecraft:clear_bad_omen_spell_effect"
          ]
        }
      },
      "minecraft:trigger_raid": {
        "add": {
          "component_groups": [ "minecraft:raid_trigger" ]
        }
      },
      "minecraft:remove_raid_trigger": {
        "remove": {
          "component_groups": [ "minecraft:raid_trigger" ]
        }
      }
    }
  }
}