{
	"format_version": "1.21.50",
	"minecraft:feature_rules": {
		"description": {
			"identifier": "forge:overworld_underground_jade_ore_feature_2",
			"places_feature": "forge:jade_ore_feature"
		},
		"conditions": {
			"placement_pass": "underground_pass",
			"minecraft:biome_filter": [
				{
					"any_of": [
						{
							"test": "has_biome_tag",
							"operator": "==",
							"value": "bamboo_jungle"
						},
                        {
							"test": "has_biome_tag",
							"operator": "==",
							"value": "bamboo_jungle_hills"
						},
                        {
							"test": "has_biome_tag",
							"operator": "==",
							"value": "jungle"
						},
                        {
							"test": "has_biome_tag",
							"operator": "==",
							"value": "jungle_edge"
						},
                        {
							"test": "has_biome_tag",
							"operator": "==",
							"value": "jungle_edge_mutated"
						},
                        {
							"test": "has_biome_tag",
							"operator": "==",
							"value": "jungle_hills"
						},
                        {
							"test": "has_biome_tag",
							"operator": "==",
							"value": "jungle_mutated"
						}
					]
				}
			]
		},
		"distribution": {
			"iterations": 5,
			"coordinate_eval_order": "zyx",
			"x": {
				"distribution": "uniform",
				"extent": [0, 16]
			},
			"y": {
				"distribution": "uniform",
				"extent": [
					0,
					30
				]
			},
			"z": {
				"distribution": "uniform",
				"extent": [0, 16]
			}
		}
	}
}